City_ID,City,Lat,Lng,Max Temp,Humidity,Cloudiness,Wind Speed,Country,Date
0,port-aux-francais,-49.35,70.2167,3.42,81,89,6.24,TF,1718322950
1,adamstown,-25.066,-130.1015,20.53,62,20,4.55,PN,1718322949
2,olonkinbyen,70.9221,-8.7187,1.41,87,40,3.81,SJ,1718323227
3,thompson,55.7435,-97.8558,16.09,31,40,2.57,CA,1718322978
4,antonio enes,-16.2325,39.9086,19.96,86,83,4.26,MZ,1718322989
5,avarua,-21.2078,-159.775,26.03,73,75,7.2,CK,1718323228
6,papatowai,-46.5619,169.4708,8.74,92,100,2.23,NZ,1718322950
7,afaahiti,-17.75,-149.2833,24.93,83,61,8.27,PF,1718322950
8,klyuchi,52.2667,79.1667,17.62,72,21,1.89,RU,1718322983
9,whitehorse,60.7161,-135.0538,21.17,25,20,2.06,CA,1718322961
10,holualoa,19.6228,-155.9522,24.75,76,34,3.14,US,1718323229
11,kudahuvadhoo,2.6708,72.8944,28.85,73,86,5.55,MV,1718323008
12,betio village,1.358,172.9211,31.02,76,91,4.77,KI,1718323229
13,port mathurin,-19.6833,63.4167,23.93,74,88,10.69,MU,1718323229
14,vorgashor,67.5833,63.95,7.67,100,100,1.77,RU,1718323230
15,bethel,41.3712,-73.414,26.05,56,0,6.69,US,1718322945
16,akrehamn,59.2667,5.1833,10.79,76,75,2.06,NO,1718323230
17,waitangi,-43.9535,-176.5597,11.01,84,100,4.02,NZ,1718322949
18,turpan,42.9333,89.1667,31.24,32,84,6.0,CN,1718323231
19,bilibino,68.0546,166.4372,18.27,35,56,1.59,RU,1718323231
20,utrik,11.2278,169.8474,28.06,76,99,8.56,MH,1718322961
21,uturoa,-16.7333,-151.4333,26.19,81,28,6.06,PF,1718322956
22,lompoc,34.6391,-120.4579,25.94,77,100,5.66,US,1718323232
23,margaret river,-33.95,115.0667,10.05,89,3,3.69,AU,1718323232
24,kavaratti,10.5669,72.642,28.59,80,100,5.84,IN,1718322993
25,tiksi,71.6872,128.8694,8.69,67,81,1.02,RU,1718323233
26,blackmans bay,-43.0167,147.3167,7.07,92,100,2.5,AU,1718322954
27,petropavlovsk-kamchatsky,53.0452,158.6483,8.03,90,100,6.0,RU,1718323233
28,ancud,-41.8697,-73.8203,9.5,89,100,3.43,CL,1718323011
29,stanley,54.868,-1.6985,10.4,94,75,4.63,GB,1718323234
30,yellowknife,62.456,-114.3525,20.29,68,75,3.09,CA,1718322942
31,richards bay,-28.783,32.0377,16.86,88,29,1.56,ZA,1718323098
32,luderitz,-26.6481,15.1594,17.43,59,1,1.95,NA,1718322959
33,labrador city,52.9463,-66.9114,19.95,56,100,3.09,CA,1718322954
34,the pas,53.8251,-101.2541,14.01,72,100,2.57,CA,1718323234
35,selfoss,63.9331,-20.9971,10.02,83,89,1.61,IS,1718323234
36,tezu,27.9167,96.1667,24.12,99,100,0.97,IN,1718323235
37,fale old settlement,-9.3852,-171.2468,28.82,77,100,6.26,TK,1718323235
38,talnakh,69.4865,88.3972,5.67,96,100,2.56,RU,1718322966
39,ilulissat,69.2167,-51.1,3.01,81,12,3.6,GL,1718323236
40,arraial do cabo,-22.9661,-42.0278,22.98,83,0,5.14,BR,1718323067
41,san andres,12.5847,-81.7006,31.01,74,20,3.09,CO,1718322985
42,colonia,50.9333,6.95,15.87,63,0,3.6,DE,1718323212
43,invercargill,-46.4,168.35,8.34,98,100,1.79,NZ,1718323236
44,lebu,-37.6167,-73.65,11.52,94,80,4.22,CL,1718322965
45,luena,-11.7833,19.9167,16.1,48,9,3.6,AO,1718323237
46,cabo san lucas,22.8909,-109.9124,30.66,73,7,4.94,MX,1718323202
47,beau vallon,-20.4189,57.6953,24.56,83,75,7.2,MU,1718323238
48,walvis bay,-22.9575,14.5053,20.4,33,0,2.43,NA,1718323239
49,carnarvon,-24.8667,113.6333,21.36,55,100,3.34,AU,1718323239
50,saint-pierre,-21.3393,55.4781,22.82,64,0,2.57,RE,1718323240
51,hawaiian paradise park,19.5933,-154.9731,26.73,72,100,4.63,US,1718322950
52,campo gallo,-26.5833,-62.85,29.98,43,94,5.01,AR,1718323240
53,djibouti,11.5,42.5,27.21,64,20,4.63,DJ,1718323240
54,jamestown,42.097,-79.2353,26.8,47,0,6.17,US,1718322955
55,punta arenas,-53.15,-70.9167,1.06,93,75,15.43,CL,1718322727
56,tyukhtet,56.5389,89.3011,18.89,71,9,0.16,RU,1718323241
57,mae hong son,19.3003,97.9685,26.08,89,75,0.0,TH,1718323241
58,kapa'a,22.0752,-159.319,30.99,75,20,6.17,US,1718322968
59,wailua homesteads,22.0669,-159.378,26.59,71,20,3.13,US,1718323242
60,dudinka,69.4058,86.1778,5.93,96,100,4.02,RU,1718322983
61,parras de la fuente,25.4167,-102.1833,30.75,24,0,10.05,MX,1718323242
62,georgetown,5.4112,100.3354,27.96,83,20,1.54,MY,1718322825
63,mata-utu,-13.2816,-176.1745,28.54,78,5,3.52,WF,1718322996
64,albany,42.6001,-73.9662,28.36,66,42,0.89,US,1718322688
65,aykhal,66.0,111.5,9.0,83,99,7.07,RU,1718322963
66,alaghsas,17.0187,8.0168,32.59,16,1,1.74,NE,1718322996
67,edinburgh of the seven seas,-37.0676,-12.3116,13.1,75,84,1.57,SH,1718322951
68,northport,33.229,-87.5772,32.29,50,0,1.28,US,1718323243
69,puerto ayora,-0.7393,-90.3518,23.08,87,75,1.34,EC,1718323243
70,barra,-11.0894,-43.1417,26.45,49,0,5.7,BR,1718323244
71,puerto natales,-51.7236,-72.4875,2.04,74,60,10.36,CL,1718323244
72,fortuna,40.5982,-124.1573,16.63,80,75,7.2,US,1718323004
73,ribeira grande,38.5167,-28.7,21.54,91,75,0.45,PT,1718323244
74,buta,2.7858,24.73,20.61,95,9,0.07,CD,1718323245
75,siwa oasis,29.2041,25.5195,31.51,20,0,2.92,EG,1718323010
76,jefferson city,38.5767,-92.1735,32.61,76,2,3.59,US,1718323205
77,vredendal,-31.6683,18.5012,16.58,36,0,3.44,ZA,1718323245
78,srandakan,-7.9386,110.2506,25.8,83,88,1.54,ID,1718323245
79,maitum,6.0392,124.4986,26.99,84,79,0.92,PH,1718323246
80,akjoujt,19.6969,-14.4164,33.86,17,39,7.91,MR,1718323246
81,udachny,66.4167,112.4,11.36,85,100,3.6,RU,1718323236
82,nueve de julio,-35.4444,-60.8831,18.31,92,100,2.68,AR,1718323179
83,mount pearl,47.5166,-52.7813,13.58,89,0,3.13,CA,1718322950
84,hailar,49.2,119.7,10.66,93,100,5.23,CN,1718323246
85,copiapo,-27.3667,-70.3333,12.46,73,10,2.49,CL,1718322974
86,grytviken,-54.2811,-36.5092,0.01,96,87,7.45,GS,1718323158
87,ust-nera,64.5667,143.2,16.58,49,91,0.19,RU,1718323247
88,kyren,51.6828,102.1408,16.51,62,9,0.35,RU,1718323247
89,la'ie,21.6477,-157.9253,29.98,73,34,4.47,US,1718323248
90,warrnambool,-38.3833,142.4833,9.89,77,100,4.96,AU,1718323248
91,obuase,6.206,-1.6619,22.17,100,96,0.96,GH,1718323248
92,ushuaia,-54.8,-68.3,-0.19,100,100,6.17,AR,1718323227
93,leninskoye,41.7589,69.3864,17.15,46,40,2.38,KZ,1718323248
94,northam,51.0333,-4.2167,14.25,94,100,7.76,GB,1718323248
95,belomorsk,64.5232,34.7668,9.95,86,27,0.67,RU,1718323248
96,happy valley-goose bay,53.3168,-60.3315,20.17,64,75,3.6,CA,1718323211
97,braganca,-1.0536,-46.7656,22.53,100,85,0.44,BR,1718323249
98,longyearbyen,78.2186,15.6401,2.91,75,20,7.72,SJ,1718322951
99,mahilyow,53.9139,30.3364,10.84,76,52,2.41,BY,1718323249
100,badger,64.8,-147.5333,18.88,71,75,4.63,US,1718323204
101,severnoye,56.3491,78.3619,17.77,82,11,2.24,RU,1718322988
102,berdigestyakh,62.0989,126.6992,21.01,45,31,1.28,RU,1718323249
103,pustoshka,56.3355,29.369,11.19,65,69,1.8,RU,1718323250
104,tchibanga,-2.85,11.0333,21.11,94,38,1.0,GA,1718323250
105,canto del llano,8.1761,-80.973,24.81,92,100,2.24,PA,1718323250
106,baruun-urt,46.6806,113.2792,13.44,59,86,7.82,MN,1718323250
107,flying fish cove,-10.4217,105.6791,25.82,88,100,3.6,CX,1718322996
108,nova sintra,14.8667,-24.7167,23.13,83,14,12.61,CV,1718323250
109,qaqortoq,60.7167,-46.0333,3.93,76,8,2.58,GL,1718322951
110,fort st. john,56.2499,-120.8529,18.94,24,40,3.09,CA,1718323047
111,smara,26.7384,-11.6719,18.86,76,5,6.05,EH,1718323251
112,hamilton,39.1834,-84.5333,30.97,43,0,5.14,US,1718322725
113,kodiak,57.79,-152.4072,11.73,76,100,4.12,US,1718322971
114,sitka,57.0531,-135.33,13.94,62,75,3.09,US,1718322964
115,yuzhno-kurilsk,44.0306,145.8556,11.32,95,100,1.92,RU,1718323251
116,panacan,9.2463,118.4082,28.03,79,100,0.86,PH,1718323251
117,de aar,-30.6497,24.0123,9.63,43,0,1.33,ZA,1718323251
118,port elizabeth,-33.918,25.5701,13.16,88,0,3.09,ZA,1718323251
119,mapastepec,15.4333,-92.9,24.0,91,100,1.19,MX,1718323251
120,tazovsky,67.4667,78.7,4.28,86,68,4.58,RU,1718323252
121,namibe,-15.1961,12.1522,20.85,58,0,1.99,AO,1718322974
122,altinekin,38.3078,32.8686,23.44,41,8,3.38,TR,1718323252
123,chos malal,-37.3781,-70.2709,6.78,86,67,3.69,AR,1718323252
124,bredasdorp,-34.5322,20.0403,11.52,84,13,1.28,ZA,1718323252
125,ha'il,27.5219,41.6907,29.01,16,0,2.06,SA,1718323252
126,saint croix,17.7397,-64.7388,27.2,79,12,1.34,VI,1718323252
127,sanya,18.2431,109.505,31.09,84,75,1.0,CN,1718323252
128,iqaluit,63.7506,-68.5145,0.85,93,100,4.12,CA,1718322956
129,mumford,5.2618,-0.759,25.61,88,56,4.68,GH,1718323252
130,pierre,44.3683,-100.351,29.04,28,0,2.68,US,1718323205
131,bereeda,11.8704,51.0579,30.24,65,14,2.56,SO,1718323253
132,dabeiba,7.0017,-76.2672,27.31,80,95,0.45,CO,1718323113
133,andovoranto,-18.95,49.1,20.53,94,61,1.91,MG,1718323253
134,geraldton,-28.7667,114.6,13.23,82,68,3.09,AU,1718322913
135,bangassou,4.7413,22.8184,20.4,97,36,0.82,CF,1718323253
136,tongouson,5.0214,120.1328,26.54,83,100,4.18,PH,1718323253
137,buurhakaba,2.8026,44.0781,21.81,92,75,4.29,SO,1718323253
138,karratha,-20.7377,116.8463,22.59,51,29,0.57,AU,1718323253
139,keflavik,64.0049,-22.5624,11.95,87,100,7.2,IS,1718323253
140,praia da vitoria,38.7333,-27.0667,20.98,100,75,5.77,PT,1718322990
141,ulsteinvik,62.3432,5.8487,8.51,93,93,0.77,NO,1718323006
142,anadyr,64.75,177.4833,4.28,100,75,6.0,RU,1718322959
143,nadi,-17.8,177.4167,29.0,61,20,4.63,FJ,1718323254
144,pades,45.0167,22.85,14.1,93,19,2.82,RO,1718323254
145,piton saint-leu,-21.2196,55.3151,22.04,64,0,2.57,RE,1718323254
146,natal,-5.795,-35.2094,25.36,94,75,5.14,BR,1718322744
147,nadvoitsy,63.8667,34.3167,9.66,86,44,1.43,RU,1718323254
148,kolonia town,6.964,158.206,28.0,89,100,5.14,FM,1718322991
149,valparaiso,-33.0393,-71.6273,15.0,69,100,4.63,CL,1718323192
150,kingston,17.997,-76.7936,29.53,74,20,7.2,JM,1718322670
151,toliara,-23.35,43.6667,19.99,88,0,2.34,MG,1718323254
152,touros,-5.1989,-35.4608,25.2,88,47,5.51,BR,1718323004
153,howrah,22.5892,88.3103,30.0,89,40,5.14,IN,1718323255
154,lazaro cardenas,17.9583,-102.2,28.16,74,100,2.51,MX,1718323255
155,saipan,15.1355,145.701,30.39,79,40,6.17,MP,1718323002
156,iskateley,67.6803,53.1512,8.9,84,95,4.02,RU,1718323255
157,enewetak,11.3474,162.3373,27.99,82,99,9.59,MH,1718323255
158,new norfolk,-42.7826,147.0587,8.29,69,96,0.8,AU,1718322982
159,san patricio,28.017,-97.5169,35.4,55,45,6.83,US,1718323002
160,iquique,-20.2208,-70.1431,17.02,81,19,2.21,CL,1718323033
161,isafjordur,66.0755,-23.124,10.36,75,100,1.76,IS,1718323255
162,amahai,-3.3333,128.9167,26.32,83,100,2.54,ID,1718322982
163,punta del este,-34.9667,-54.95,24.06,57,100,4.63,UY,1718323003
164,port alfred,-33.5906,26.891,15.73,76,29,4.9,ZA,1718322994
165,nelson bay,-32.7167,152.15,15.0,86,99,0.89,AU,1718323127
166,gobabis,-22.45,18.9667,9.45,35,0,4.32,NA,1718323256
167,roma,43.2128,-75.4557,25.6,85,60,2.65,US,1718323188
168,kerikeri,-35.2268,173.9474,18.84,88,81,4.47,NZ,1718322987
169,acarau,-2.8856,-40.12,25.26,82,80,5.56,BR,1718323256
170,zhangye,38.9342,100.4517,23.99,32,69,3.46,CN,1718323256
171,maiduguri,11.8464,13.1603,29.26,53,95,7.29,NG,1718323251
172,san jose iturbide,21.0,-100.3833,27.04,33,89,10.16,MX,1718323181
173,tura,25.5198,90.2201,24.1,97,89,3.16,IN,1718322971
174,mount isa,-20.7333,139.5,18.87,42,0,1.54,AU,1718322965
175,dauphin,51.1494,-100.0502,21.08,49,20,2.06,CA,1718323257
176,hithadhoo,-0.6,73.0833,28.57,71,41,4.57,MV,1718322994
177,lihue,21.9789,-159.3672,30.58,68,20,6.17,US,1718322988
178,mogocha,53.7333,119.7667,17.59,59,18,1.35,RU,1718323257
179,stung treng,13.5259,105.9683,27.65,72,35,1.21,KH,1718323257
180,shahrud,36.4182,54.9763,23.02,44,100,2.49,IR,1718323257
181,weno,7.4515,151.8468,27.97,89,100,2.06,FM,1718322989
182,nyandoma,61.669,40.1991,12.08,94,94,2.03,RU,1718323257
183,atafu village,-8.5421,-172.5159,28.98,77,96,4.62,TK,1718323257
184,borogontsy,62.6683,131.1683,19.52,55,84,1.31,RU,1718323258
185,misratah,32.3754,15.0925,23.22,81,91,7.82,LY,1718323258
186,crane,31.3974,-102.3501,36.45,23,0,4.95,US,1718323258
187,queenstown,-31.8976,26.8753,8.37,54,0,1.92,ZA,1718323258
188,bamboo flat,11.7,92.7167,27.05,94,40,3.09,IN,1718322996
189,margate,51.3813,1.3862,12.17,85,100,6.26,GB,1718323060
190,ambodifotatra,-16.9833,49.85,23.84,86,24,4.05,MG,1718323258
191,kangding,30.0513,101.9603,15.19,91,100,0.8,CN,1718322984
192,yuncheng,35.0231,110.9928,31.43,32,96,2.03,CN,1718323258
193,hobyo,5.3505,48.5268,25.56,85,28,9.93,SO,1718323259
194,hermanus,-34.4187,19.2345,14.29,68,10,2.2,ZA,1718323259
195,huicungo,-7.2833,-76.8,24.95,75,60,1.27,PE,1718323259
196,paducah,37.0834,-88.6001,30.33,42,0,0.0,US,1718323259
197,trikala,39.5553,21.7675,23.63,53,70,0.99,GR,1718323259
198,tolanaro,-25.0319,46.9987,20.04,94,40,2.06,MG,1718322974
199,loreto,22.2667,-101.9667,29.18,22,100,7.75,MX,1718323259
200,zverevo,48.0211,40.1228,20.77,84,13,3.09,RU,1718323259
201,tacuarembo,-31.7333,-55.9833,21.45,68,100,5.98,UY,1718322982
202,cape canaveral,28.4058,-80.6048,29.45,85,100,2.06,US,1718323165
203,sandnessjoen,66.0217,12.6316,10.29,78,8,3.51,NO,1718322983
204,michigan city,41.7075,-86.895,24.45,90,0,2.57,US,1718322984
205,fomboni,-12.28,43.7425,25.29,71,8,5.48,KM,1718323260
206,mitchell,43.7094,-98.0298,27.31,40,0,1.34,US,1718323260
207,taulaga,-11.0553,-171.0883,28.91,77,52,6.78,AS,1718323260
208,puerto del rosario,28.5004,-13.8627,20.86,64,100,7.2,ES,1718323260
209,mejit,10.2753,170.8646,28.23,73,100,6.99,MH,1718323260
210,kruisfontein,-34.0033,24.7314,11.98,57,6,2.49,ZA,1718323261
211,kone,-21.0595,164.8658,24.82,44,64,3.67,NC,1718323261
212,haiku-pauwela,20.9219,-156.3051,28.45,64,20,10.8,US,1718322994
213,la ronge,55.1001,-105.2842,16.14,63,75,4.12,CA,1718323008
214,waycross,31.2136,-82.354,31.13,58,40,4.63,US,1718323261
215,sona,45.4388,10.8255,16.75,84,0,1.54,IT,1718323261
216,tomatlan,19.9333,-105.25,30.07,58,44,3.9,MX,1718323261
217,belozersk,60.0326,37.7957,12.77,99,100,2.68,RU,1718323261
218,hadibu,12.65,54.0333,27.24,75,58,6.01,YE,1718323261
219,timimoun,29.2639,0.231,35.21,10,0,2.06,DZ,1718323006
220,polatli,39.5772,32.1413,23.38,46,29,0.82,TR,1718323262
221,attalla,34.0218,-86.0886,30.0,65,20,1.54,US,1718323262
222,flin flon,54.7682,-101.865,12.91,71,75,1.54,CA,1718322991
223,tajerouine,35.8917,8.5528,18.87,65,27,1.8,TN,1718323262
224,bodden town,19.2833,-81.25,29.44,91,40,5.66,KY,1718323085
225,challapata,-18.9,-66.7667,8.35,34,5,3.04,BO,1718323262
226,tokar,18.4254,37.729,30.39,43,3,1.99,SD,1718323204
227,west island,-12.1568,96.8225,26.99,89,100,4.12,CC,1718323263
228,chonchi,-42.6128,-73.8092,8.4,91,100,2.15,CL,1718322996
229,vila velha,-20.3297,-40.2925,22.97,83,40,4.12,BR,1718323035
230,worthington,40.0931,-83.018,29.97,52,1,0.89,US,1718323226
231,padang,-0.9492,100.3543,25.03,88,90,1.33,ID,1718323263
232,gantang,26.92,119.6333,25.49,95,100,0.31,CN,1718323263
233,san antonio de pale,-1.4014,5.6325,25.18,88,100,7.39,GQ,1718323263
234,peskovka,59.0448,52.3606,18.34,97,50,2.54,RU,1718323264
235,laojunmiao,39.8333,97.7333,21.76,30,1,1.09,CN,1718322991
236,filadelfia,39.9523,-75.1638,28.51,62,40,7.72,US,1718323200
237,college,64.8569,-147.8028,18.93,72,75,4.63,US,1718323264
238,shingu,33.7333,135.9833,25.37,67,36,1.98,JP,1718322975
239,swift current,50.2834,-107.8014,20.45,37,40,8.23,CA,1718323240
240,quellon,-43.1167,-73.6167,7.48,82,100,4.92,CL,1718323264
241,polyarnyy,69.1989,33.4478,6.57,77,93,1.27,RU,1718323264
242,tocopilla,-22.092,-70.1979,19.07,63,12,2.27,CL,1718323264
243,poronaysk,49.2167,143.1167,10.88,78,73,2.34,RU,1718323264
244,penzance,50.1186,-5.5371,13.38,87,97,9.76,GB,1718323265
245,tommot,58.9564,126.2925,17.72,66,9,1.92,RU,1718322990
246,cabimas,10.3883,-71.4399,30.11,70,92,6.23,VE,1718322946
247,nadym,65.5333,72.5167,12.76,89,96,4.88,RU,1718323006
248,safi,32.1667,-8.8333,18.32,81,80,3.39,MA,1718323265
249,zeya,53.75,127.2667,18.6,45,81,1.31,RU,1718323009
250,kapuskasing,49.4169,-82.4331,17.05,67,75,5.14,CA,1718323021
251,nikolayevsk-on-amure,53.1406,140.73,6.79,98,100,1.79,RU,1718323265
252,bandon,51.7469,-8.7425,10.77,88,79,5.53,IE,1718323265
253,corfu,39.62,19.9197,23.99,69,40,4.12,GR,1718323265
254,le port,-20.9373,55.2919,23.98,80,79,6.93,RE,1718323265
255,burutu,5.3509,5.5076,25.61,92,100,2.57,NG,1718323266
256,gereida,11.2811,25.1414,31.03,45,35,3.74,SD,1718323266
257,pisco,-13.7,-76.2167,18.03,82,38,2.06,PE,1718323266
258,ramhormoz,31.28,49.6035,32.25,14,0,1.94,IR,1718323266
259,monte cristo,-31.3431,-63.9444,20.75,55,100,3.82,AR,1718323181
260,gadzhiyevo,69.2551,33.3362,6.52,79,96,1.44,RU,1718322977
261,bastia,42.6667,9.3333,19.05,60,0,2.06,FR,1718323266
262,freetown,8.484,-13.2299,26.38,84,100,3.72,SL,1718322973
263,eatonton,33.3268,-83.3885,30.06,54,9,1.87,US,1718323144
264,coron,11.9986,120.2043,28.42,80,98,0.21,PH,1718323267
265,aasiaat,68.7098,-52.8699,0.85,85,21,3.48,GL,1718323267
266,port lincoln,-34.7333,135.8667,15.68,82,7,7.19,AU,1718322992
267,severo-yeniseyskiy,60.3725,93.0408,15.88,63,98,0.45,RU,1718323007
268,lorengau,-2.0226,147.2712,27.36,81,100,0.63,PG,1718323267
269,constantia,44.1833,28.65,18.38,92,100,3.21,RO,1718323240
270,sierra grande,-41.606,-65.3557,13.53,45,43,7.39,AR,1718323267
271,idri,27.5,13.2667,32.54,11,0,3.58,LY,1718323237
272,choyr,46.3611,108.3611,14.29,52,8,2.29,MN,1718323268
273,kuanda,56.3161,116.0806,17.38,68,80,1.12,RU,1718323268
274,berrahal,36.8353,7.4533,16.85,87,0,1.61,DZ,1718323268
275,agua branca,-5.8922,-42.6361,29.84,39,94,2.38,BR,1718323206
276,vuktyl,63.8567,57.3094,17.28,96,99,1.34,RU,1718323268
277,cabedelo,-6.9811,-34.8339,25.37,85,35,7.08,BR,1718323242
278,jiangyou,31.7667,104.7167,26.48,51,82,1.33,CN,1718323268
279,kuqa,41.7278,82.9364,21.11,42,60,3.09,CN,1718323236
280,at taj,24.2049,23.2857,28.15,17,0,3.76,LY,1718323011
281,nurmo,62.8287,22.9099,9.31,99,84,1.54,FI,1718323269
282,kuvandyk,51.4781,57.3552,19.1,70,18,1.13,RU,1718323269
283,sarh,9.1429,18.3923,25.38,77,79,1.26,TD,1718323269
284,nova vicosa,-17.8919,-39.3719,22.93,76,7,3.63,BR,1718323269
285,mumbwa,-14.9783,27.0619,9.38,62,1,1.75,ZM,1718323269
286,wangjing,24.6,94.0333,21.7,95,100,0.32,IN,1718323269
287,mtwara,-10.2667,40.1833,20.01,85,11,4.14,TZ,1718323269
288,sinop,41.7711,34.8709,21.24,70,31,4.09,TR,1718323269
289,kwang binh,17.4833,106.6,30.82,64,94,2.52,VN,1718323269
290,mercedes,-34.6515,-59.4307,23.25,64,100,3.47,AR,1718323270
291,awgu,6.0742,7.4786,27.14,97,100,2.23,NG,1718323270
292,ciudad melchor muzquiz,27.8833,-101.5167,38.16,22,0,3.19,MX,1718323270
293,pacific grove,36.6177,-121.9166,19.02,85,82,2.68,US,1718323266
294,malpe,13.35,74.7167,24.61,87,100,1.84,IN,1718323270
295,palenque,17.5167,-91.9667,27.83,80,89,3.16,MX,1718323151
296,chom thong,18.4174,98.6743,26.14,93,100,1.11,TH,1718323270
297,hualien city,23.9769,121.6044,28.19,85,92,1.0,TW,1718323270
298,taco pozo,-25.6167,-63.2833,29.62,45,94,6.27,AR,1718323271
299,tralee,52.2704,-9.7026,10.67,89,96,6.14,IE,1718323009
300,nyurba,63.2842,118.3319,20.3,63,20,2.22,RU,1718323271
301,laguna,38.421,-121.4238,34.06,39,0,5.14,US,1718322985
302,codrington,-38.2667,141.9667,9.72,68,100,5.22,AU,1718322972
303,juneau,58.3019,-134.4197,11.17,100,100,2.11,US,1718323271
304,santa ana,33.7456,-117.8678,31.38,55,0,5.66,US,1718323271
305,yeppoon,-23.1333,150.7333,18.47,62,1,1.75,AU,1718323271
306,xiongzhou,25.1167,114.3,26.89,94,100,1.06,CN,1718323271
307,midvagur,62.0511,-7.1939,9.46,66,75,5.14,FO,1718323271
308,alderetes,-26.8167,-65.1333,20.98,51,18,1.44,AR,1718323272
309,mont-laurier,46.5501,-75.4993,21.79,91,78,6.93,CA,1718323124
310,sena madureira,-9.0656,-68.6569,26.67,68,71,0.84,BR,1718323272
311,gizo,-8.103,156.8419,27.53,82,94,5.99,SB,1718323272
312,ta`u,-14.2336,-169.5144,27.89,82,98,8.16,AS,1718323272
313,stephenville,32.2207,-98.2023,33.07,46,0,2.57,US,1718323218
314,eusebio ayala,-25.4,-56.9667,27.93,27,19,5.63,PY,1718323272
315,sanctuary point,-35.1114,150.629,15.74,69,89,3.7,AU,1718323272
316,xilin hot,43.9667,116.0333,15.14,53,20,5.3,CN,1718323002
317,grand-lahou,5.1367,-5.0242,25.27,87,72,4.73,CI,1718323273
318,nakamura,32.9833,132.9333,26.67,60,66,1.66,JP,1718323273
319,namie,37.4833,141.0,27.62,69,1,2.01,JP,1718323273
320,fort bragg,35.139,-79.006,31.32,54,0,5.14,US,1718322999
321,santa catalina,9.3337,122.8637,28.27,81,72,3.75,PH,1718323273
322,dzhetygara,52.1908,61.2006,21.24,69,46,1.63,KZ,1718323273
323,inari,68.906,27.0288,8.11,85,56,1.55,FI,1718323273
324,riachao do jacuipe,-11.8069,-39.3856,22.7,83,99,3.53,BR,1718323039
325,alo,7.4178,6.7371,24.71,93,91,1.43,NG,1718323273
326,thames,-37.1333,175.5333,16.29,94,100,2.14,NZ,1718322993
327,saudarkrokur,65.7461,-19.6394,10.68,64,13,2.88,IS,1718323274
328,nieuw amsterdam,5.8833,-55.0833,28.01,83,20,1.03,SR,1718323274
329,arawa,-6.2132,155.5367,29.6,73,99,1.13,PG,1718323274
330,tuchow,49.8949,21.0541,12.15,98,91,1.78,PL,1718323274
331,trincomalee,8.5711,81.2335,27.75,79,100,8.86,LK,1718323274
332,uttar char fasson,22.2332,90.7132,29.56,86,100,6.01,BD,1718323274
333,sinabang,2.4803,96.3801,27.26,81,99,1.92,ID,1718322988
334,portland,45.5234,-122.6762,25.36,42,75,4.12,US,1718322439
335,bothaville,-27.3887,26.617,9.1,45,0,1.79,ZA,1718323275
336,afif,23.9065,42.9172,27.14,13,25,3.08,SA,1718323275
337,nizhnesortymskiy,62.4397,71.7603,19.12,74,54,3.16,RU,1718323275
338,rio san juan,19.6439,-70.0763,26.64,90,49,5.11,DO,1718323275
339,taro,-8.3862,115.28,23.0,91,69,0.64,ID,1718323275
340,port hedland,-20.3167,118.5667,19.03,45,22,3.6,AU,1718323275
341,sarangani,5.4033,125.4636,27.49,80,100,5.03,PH,1718323276
342,north bend,43.4065,-124.2243,18.47,72,75,8.23,US,1718323276
343,maneromango,-7.1988,38.7848,16.67,86,0,1.01,TZ,1718323276
344,butwal,27.7006,83.4484,28.92,44,0,2.36,NP,1718323276
345,buulobarde,3.8538,45.5674,23.38,86,83,6.44,SO,1718323276
346,imranli,39.8754,38.1136,15.04,73,0,1.72,TR,1718323277
347,bartica,6.4,-58.6167,28.18,99,83,1.25,GY,1718323277
348,anloga,5.7947,0.8973,26.67,84,85,5.86,GH,1718323277
349,tulun,54.5611,100.5792,18.18,63,43,0.73,RU,1718323277
350,vylkove,45.4021,29.586,19.77,88,99,2.74,UA,1718323277
351,goronyo,13.4423,5.6763,34.16,37,4,5.05,NG,1718323277
352,necochea,-38.5473,-58.7368,14.86,94,100,3.19,AR,1718323083
353,tshikapa,-6.4167,20.8,22.23,53,1,0.98,CD,1718323278
354,san juan,-31.5375,-68.5364,16.58,51,100,7.51,AR,1718323171
355,ellsworth,44.5434,-68.4195,20.16,83,0,3.09,US,1718323155
356,awjilah,29.1081,21.2869,34.08,11,0,4.24,LY,1718323278
357,sandpoint,48.2766,-116.5533,27.7,29,0,1.34,US,1718323278
358,nemuro,43.3236,145.575,9.18,96,100,5.33,JP,1718323268
359,vadso,70.0744,29.7487,4.49,87,100,4.12,NO,1718323278
360,fort mcmurray,56.7268,-111.381,20.77,63,100,7.2,CA,1718323279
361,yangju,37.8331,127.0617,24.1,41,8,0.78,KR,1718323279
362,uzgen,40.7699,73.3007,20.16,42,4,2.91,KG,1718323279
363,ankazoabo,-22.2833,44.5167,17.48,88,27,3.65,MG,1718323279
364,oranjemund,-28.55,16.4333,15.13,67,1,1.41,NA,1718323279
365,bishkek,42.87,74.59,16.11,60,11,1.59,KG,1718323279
366,puerto quijarro,-17.7833,-57.7667,24.51,35,32,1.69,BO,1718323280
367,cidreira,-30.1811,-50.2056,19.51,80,83,4.8,BR,1718323003
368,thika,-1.0333,37.0693,14.76,90,68,1.3,KE,1718323280
369,south hedland,-20.4089,118.5983,18.96,45,19,3.6,AU,1718323280
370,zhanibek,49.4167,46.85,21.24,75,82,2.96,KZ,1718323280
371,inhambane,-23.865,35.3833,18.29,76,0,4.26,MZ,1718323281
372,samassi,39.4817,8.9092,17.4,77,0,3.09,IT,1718323281
373,bomdila,27.25,92.4,10.59,95,78,0.63,IN,1718323281
374,ujae,8.9322,165.7642,28.09,80,100,10.25,MH,1718323281
375,popondetta,-8.7537,148.2534,28.31,74,92,1.51,PG,1718323011
376,minas de marcona,-15.2119,-75.1103,12.72,81,43,3.83,PE,1718323281
377,rehoboth,-23.3167,17.0833,11.96,32,0,2.76,NA,1718323281
378,kibakwe,-6.7167,36.3667,13.79,80,0,1.46,TZ,1718323282
379,hirara,24.8,125.2833,28.92,94,75,7.2,JP,1718322995
380,taoudenni,22.6783,-3.9836,37.06,11,23,4.67,ML,1718323282
381,svendborg,55.0598,10.6068,12.7,82,100,5.32,DK,1718323282
382,hesla,24.0667,85.8833,32.66,37,86,3.4,IN,1718323282
383,najaf,31.9985,44.3398,34.88,12,0,4.63,IQ,1718323282
384,kralendijk,12.15,-68.2667,28.99,79,40,6.69,BQ,1718322993
385,xai-xai,-25.0519,33.6442,18.58,84,2,2.63,MZ,1718323283
386,tangalle,6.024,80.7911,25.93,89,91,4.58,LK,1718323283
387,alofi,-19.0595,-169.9187,27.94,74,75,5.66,NU,1718323283
388,letlhakane,-21.4167,25.5833,11.17,36,0,4.32,BW,1718323283
389,san juan de miraflores,-12.1629,-76.9635,18.98,81,72,3.91,PE,1718323283
390,lubang,13.8584,120.124,29.56,73,70,1.28,PH,1718323010
391,wetaskiwin,52.9668,-113.3687,20.92,46,7,0.76,CA,1718323283
392,khorixas,-20.3667,14.9667,15.42,23,0,4.75,NA,1718323283
393,alappuzha,9.49,76.3264,26.97,82,100,1.97,IN,1718323284
394,kaoma,-14.7833,24.8,8.37,62,0,2.64,ZM,1718323284
395,vilyuchinsk,52.9306,158.4028,8.85,98,100,4.2,RU,1718323284
396,launceston,-41.45,147.1667,8.97,87,100,5.14,AU,1718323284
397,sorong,-0.8833,131.25,25.61,91,100,3.09,ID,1718323284
398,zhaozhou,45.6833,125.3167,20.29,72,50,2.91,CN,1718323284
399,bonga,7.2833,36.2333,15.01,99,68,0.47,ET,1718323284
400,sihora,23.4833,80.1167,31.91,45,35,4.21,IN,1718323284
401,purpe,64.4803,76.6897,17.1,77,81,4.06,RU,1718323285
402,assab,13.0092,42.7394,31.95,62,51,2.25,ER,1718323285
403,nabire,-3.3667,135.4833,26.6,81,100,0.84,ID,1718323008
404,kambove,-10.8764,26.5969,10.83,67,0,2.54,CD,1718323285
405,clarence town,-32.5833,151.7833,15.45,67,99,1.49,AU,1718323285
406,norderney,53.7,7.15,13.01,85,100,6.43,DE,1718323007
407,mili,6.0815,171.735,27.86,76,100,5.89,MH,1718323285
408,island harbour,50.724,-1.2758,13.97,69,100,3.13,GB,1718323285
409,golyshmanovo,56.3979,68.3728,19.83,92,41,2.66,RU,1718323285
410,tengrela,10.4869,-6.4097,24.1,87,95,2.25,CI,1718323285
411,pimentel,-6.8367,-79.9342,20.16,77,0,8.75,PE,1718323286
412,kenora,49.8167,-94.4337,19.54,48,40,3.09,CA,1718323286
413,coquimbo,-29.9533,-71.3436,14.85,100,100,1.54,CL,1718323250
414,esil,51.9556,66.4042,19.77,86,64,2.2,KZ,1718323286
415,pontian kechil,1.4866,103.3896,25.17,89,81,1.35,MY,1718323286
416,ginir,7.1333,40.7,14.32,89,93,3.35,ET,1718323286
417,arles,43.6768,4.6303,18.03,88,0,2.57,FR,1718323286
418,papao,-17.75,-149.55,25.82,81,26,8.49,PF,1718323286
419,preobrazheniye,42.9019,133.9064,14.68,75,62,2.91,RU,1718323012
420,aldama,22.9167,-98.0667,31.0,59,97,6.51,MX,1718323287
421,shitanjing,39.2342,106.3439,19.72,33,84,1.06,CN,1718323287
422,zalingei,12.9096,23.4741,28.31,46,40,4.09,SD,1718323287
423,kayangel,8.0823,134.7173,26.82,84,100,9.15,PW,1718322993
424,verkhnevilyuysk,63.4453,120.3167,18.63,73,77,2.35,RU,1718323287
425,newman,37.3138,-121.0208,34.05,42,1,2.24,US,1718323287
426,east london,-33.0153,27.9116,15.61,79,8,4.03,ZA,1718323287
427,luganville,-15.5333,167.1667,26.06,63,4,4.38,VU,1718323287
428,kegeyli shahar,42.7767,59.6078,22.05,38,54,3.5,UZ,1718323287
429,keelung,25.1283,121.7419,28.94,88,100,1.54,TW,1718323287
430,saint-francois,46.4154,3.9054,15.79,72,0,2.06,FR,1718323288
431,iron river,46.0927,-88.6423,21.42,49,10,4.32,US,1718323288
432,at-bashi,41.1702,75.8106,10.94,62,0,0.43,KG,1718323288
433,prienai,54.6333,23.95,12.15,95,100,3.21,LT,1718323288
434,shimoda,34.6667,138.95,25.2,76,3,2.76,JP,1718323288
435,bengkulu,-3.8004,102.2655,25.0,91,99,1.58,ID,1718323015
436,corner brook,48.9667,-57.9484,16.09,97,100,2.34,CA,1718323137
437,reo,12.3167,-2.4667,31.24,49,34,4.02,BF,1718323288
438,tucuma,-0.1833,-50.05,25.34,87,18,3.49,BR,1718323288
439,mingguang,32.7802,117.9638,29.2,54,98,4.83,CN,1718323289
440,bandirma,40.3522,27.9767,26.15,64,90,1.11,TR,1718323267
441,kirakira,-10.4544,161.9205,28.45,74,46,2.98,SB,1718322986
442,embarcacion,-23.209,-64.096,25.68,72,36,0.93,AR,1718323289
443,nogliki,51.8333,143.1667,6.86,93,100,2.68,RU,1718323289
444,burao,9.5221,45.5336,22.97,56,45,7.82,SO,1718323289
445,broome,42.2506,-75.833,25.9,52,27,1.34,US,1718323289
446,boa esperanca,-21.09,-45.5658,15.24,51,0,0.72,BR,1718323234
447,upper grand lagoon,30.1633,-85.7408,28.49,80,75,5.14,US,1718323289
448,dalandzadgad,43.5708,104.425,16.55,40,17,2.72,MN,1718323289
449,manokwari,-0.8667,134.0833,26.82,76,95,0.46,ID,1718323290
450,wainwright,52.839,-110.8572,17.9,52,63,4.0,CA,1718323290
451,filey,54.21,-0.2892,11.55,92,100,3.58,GB,1718323290
452,gouyave,12.1646,-61.7296,28.43,79,20,5.14,GD,1718323290
453,kyenjojo,0.6328,30.6214,17.48,80,41,0.48,UG,1718323290
454,guarapari,-20.6667,-40.4975,20.91,86,0,3.81,BR,1718323290
455,longboat key,27.4125,-82.659,31.11,57,0,3.6,US,1718323290
456,nizhneangarsk,55.7833,109.55,6.67,93,78,0.45,RU,1718323290
457,coahuayana de hidalgo,18.7,-103.6583,29.55,62,100,2.79,MX,1718322987
458,ust-tsilma,65.441,52.1498,14.78,91,100,0.89,RU,1718323290
459,smithers,54.7804,-127.1743,14.18,38,100,0.0,CA,1718323291
460,alice springs,-23.7,133.8833,14.75,77,0,1.03,AU,1718322912
461,kongsvinger,60.1905,11.9977,9.37,92,52,1.01,NO,1718323291
462,howard springs,-12.497,131.047,24.37,95,89,2.52,AU,1718322984
463,ola,59.5833,151.2833,18.97,64,13,1.55,RU,1718323291
464,labytnangi,66.6572,66.4183,10.77,88,73,4.09,RU,1718323291
465,hami,42.8,93.45,29.5,18,26,2.2,CN,1718323291
466,dajal,29.5577,70.3762,34.26,42,0,7.92,PK,1718323291
467,puerto el triunfo,13.2833,-88.55,28.45,79,100,5.49,SV,1718323291
468,acajutla,13.5928,-89.8275,27.35,81,99,9.57,SV,1718323291
469,bayang,7.7928,124.1917,23.22,87,99,1.72,PH,1718323291
470,ayancik,41.9447,34.5861,23.51,73,47,1.76,TR,1718323291
471,huazhou,21.6333,110.5833,28.85,82,100,2.26,CN,1718323292
472,novopskov,49.5464,39.0899,14.9,96,0,2.29,UA,1718323292
473,limassol,34.675,33.0333,30.66,69,0,2.06,CY,1718323241
474,guane,22.2025,-84.0875,27.75,85,84,2.92,CU,1718323292
475,broken hill,-31.95,141.4333,11.11,73,97,4.12,AU,1718322910
476,port douglas,-16.4833,145.4667,22.62,71,23,2.69,AU,1718323292
477,kupang,-10.1667,123.5833,27.32,78,20,2.06,ID,1718323292
478,kargopol',61.5071,38.9456,12.21,90,100,2.18,RU,1718323292
479,marsh harbour,26.5412,-77.0636,25.35,87,100,4.82,BS,1718323233
480,houghton,47.1219,-88.569,20.06,33,40,1.74,US,1718323200
481,g'uzor,38.6214,66.2522,18.02,28,2,1.32,UZ,1718323293
482,alesund,62.4723,6.1549,8.52,93,100,1.03,NO,1718323131
483,schwerte,51.45,7.5667,15.34,62,75,3.6,DE,1718323202
484,kenai,60.5544,-151.2583,15.01,65,0,5.66,US,1718322984
485,gurupi,-11.7292,-49.0686,24.97,37,0,0.78,BR,1718323204
486,sapele,5.8941,5.6767,24.69,97,100,1.46,NG,1718323293
487,tual,-5.6667,132.75,26.19,83,99,7.95,ID,1718322985
488,lalibela,12.0333,39.0333,17.68,50,2,2.4,ET,1718323294
489,tosontsengel,48.7567,98.2839,13.16,46,50,1.96,MN,1718323294
490,tilcara,-23.5776,-65.3509,9.65,27,100,7.22,AR,1718323266
491,ixtapa,20.7,-105.2,29.01,80,73,1.79,MX,1718323294
492,saint-philippe,-21.3585,55.7679,22.77,88,81,9.18,RE,1718323294
493,dunedin,-45.8742,170.5036,8.22,97,100,1.34,NZ,1718323283
494,guixi,28.2886,117.2133,26.18,89,66,1.51,CN,1718323294
495,antsiranana,-12.2787,49.2917,22.06,86,77,1.74,MG,1718323294
496,guaratinga,-16.5667,-39.5667,20.09,94,44,1.08,BR,1718323271
497,vila franca do campo,37.7167,-25.4333,20.23,99,83,2.58,PT,1718323005
498,kashin,57.3592,37.6081,13.41,95,100,6.11,RU,1718323294
499,muli,2.9167,73.5667,28.67,74,99,6.48,MV,1718323295
500,altamira,-3.2033,-52.2064,25.2,72,44,1.33,BR,1718323174
501,horta,38.5333,-28.6333,21.12,91,77,0.45,PT,1718323295
502,petrozavodsk,61.7849,34.3469,11.7,76,98,3.0,RU,1718323202
503,kismayo,-0.3582,42.5454,25.11,84,40,6.09,SO,1718323295
504,kabalo,-6.05,26.9167,21.69,48,1,2.09,CD,1718323295
505,castillos,-34.1667,-53.8333,19.79,76,100,4.18,UY,1718323295
506,al kharijah,25.4514,30.5464,29.64,14,0,2.22,EG,1718322987
507,opuwo,-18.0607,13.84,13.67,31,0,3.87,NA,1718322999
508,luwuk,-0.9516,122.7875,23.6,90,100,1.19,ID,1718323295
509,fengrun,39.8333,118.1167,23.81,71,99,2.25,CN,1718323295
510,mugia,43.1041,-9.2179,16.62,100,100,4.84,ES,1718323296
511,zunyi,27.6867,106.9072,22.81,85,100,1.56,CN,1718323296
512,macapa,0.0389,-51.0664,26.99,89,40,3.6,BR,1718323243
513,yakeshi,49.2833,120.7333,10.73,92,100,3.27,CN,1718323296
514,manismata,-2.4667,111.0333,23.9,97,98,1.18,ID,1718323296
515,naliya,23.2667,68.8333,29.33,70,37,6.97,IN,1718323296
516,crucecita,-28.95,-58.9833,24.63,44,98,4.68,AR,1718323296
517,el granada,37.5027,-122.4694,26.01,77,75,9.26,US,1718322994
518,carhuaz,-9.2819,-77.6447,15.84,77,97,1.12,PE,1718323297
519,huarmey,-10.0681,-78.1522,18.6,82,52,4.27,PE,1718323297
520,pinsk,52.1229,26.0951,12.51,99,100,1.53,BY,1718323297
521,cimitarra,6.3142,-73.9497,26.78,83,85,1.41,CO,1718323297
522,fruita,39.1589,-108.729,34.76,16,44,1.34,US,1718323211
523,rio grande,-32.035,-52.0986,20.53,81,100,5.54,BR,1718322762
524,heihe,50.2441,127.4902,15.25,76,100,3.67,CN,1718323297
525,vanimo,-2.6741,141.3028,28.76,68,45,0.9,PG,1718322988
526,la passe,45.5549,-0.8967,16.13,94,100,8.32,FR,1718323298
527,puerto deseado,-47.7503,-65.8938,6.31,90,94,7.0,AR,1718323298
528,petrovsk,52.3064,45.3917,17.38,92,72,2.1,RU,1718323298
529,bathsheba,13.2167,-59.5167,28.34,78,20,5.14,BB,1718323298
530,kenda,23.2,86.5333,32.21,43,82,7.35,IN,1718323298
531,st. john's,47.5649,-52.7093,15.66,87,20,9.77,CA,1718323283
532,bokoro,12.3807,17.0568,30.64,49,98,5.89,TD,1718323298
533,mandasa,18.8667,84.4667,27.14,72,71,1.99,IN,1718323298
534,nemencine,54.85,25.4833,11.29,99,100,2.94,LT,1718323299
535,grenada,37.1882,-3.6067,20.51,49,0,1.03,ES,1718323299
536,coruripe,-10.1256,-36.1756,24.34,86,75,6.1,BR,1718323299
537,watsa,3.0372,29.5355,17.37,98,35,0.81,CD,1718323299
538,peace river,56.2501,-117.286,19.17,59,75,4.12,CA,1718323299
539,sol'-iletsk,51.1631,54.9918,22.58,56,75,3.06,RU,1718323299
540,santa rosalia,27.3167,-112.2833,32.29,27,13,1.67,MX,1718323299
541,bay harbor,30.1471,-85.6146,28.45,80,75,5.14,US,1718323299
542,tago,9.0211,126.2317,28.37,69,98,0.14,PH,1718323300
543,pitimbu,-7.4706,-34.8086,25.33,84,42,6.78,BR,1718323300
544,barcelos,41.5388,-8.6151,18.8,86,100,1.4,PT,1718323295
545,santo antonio do ica,-3.1022,-67.9397,24.12,96,15,0.84,BR,1718323300
546,buka,40.8108,69.1986,17.71,48,23,2.79,UZ,1718322999
547,ati,13.2154,18.3353,31.73,41,83,5.2,TD,1718322985
548,port saint john's,-31.6229,29.5448,16.42,85,0,2.17,ZA,1718323300
549,basco,20.4487,121.9702,29.54,84,57,7.02,PH,1718323300
550,kalabo,-14.97,22.6814,9.36,49,0,2.3,ZM,1718323300
551,tidjikja,18.5564,-11.4271,35.64,24,57,5.93,MR,1718323301
552,high river,50.5834,-113.8687,22.75,40,38,5.81,CA,1718323292
553,darien,41.752,-87.974,31.71,49,75,2.06,US,1718322846
554,guigang,23.0964,109.6092,26.27,94,100,2.26,CN,1718323301
555,superior,46.7208,-92.1041,24.26,58,75,3.6,US,1718323301
556,usinsk,65.9939,57.5281,13.37,89,100,4.02,RU,1718323301
557,parola,20.8833,75.1167,29.22,64,38,5.18,IN,1718323301
